{"cameraMode":{"drawMode":0,"name":"Shaded","section":"Shading Mode"},"sceneLighting":true,"audioPlay":false,"sceneViewState":{"showFog":true,"showMaterialUpdate":false,"showSkybox":false,"showFlares":true,"showImageEffects":true,"showParticleSystems":true},"in2DMode":false,"pivot":{"x":79.10179901123047,"y":-42.210723876953128,"z":-59.05170440673828},"rotation":{"x":0.08889925479888916,"y":0.9043747186660767,"z":-0.23141205310821534,"w":0.34750479459762576},"size":141.2683563232422,"orthographic":false}