{"cameraMode":{"drawMode":0,"name":"Shaded","section":"Shading Mode"},"sceneLighting":true,"audioPlay":false,"sceneViewState":{"showFog":true,"showMaterialUpdate":false,"showSkybox":false,"showFlares":true,"showImageEffects":true,"showParticleSystems":true},"in2DMode":false,"pivot":{"x":65.27460479736328,"y":-69.02989959716797,"z":62.395301818847659},"rotation":{"x":0.4268920421600342,"y":0.13241992890834809,"z":-0.06310546398162842,"w":0.8923431038856506},"size":141.2683563232422,"orthographic":false}