{"cameraMode":{"drawMode":0,"name":"Shaded","section":"Shading Mode"},"sceneLighting":true,"audioPlay":false,"sceneViewState":{"showFog":true,"showMaterialUpdate":false,"showSkybox":false,"showFlares":true,"showImageEffects":true,"showParticleSystems":true},"in2DMode":false,"pivot":{"x":2.2436037063598635,"y":4.93350887298584,"z":-3.30145525932312},"rotation":{"x":0.150875985622406,"y":-0.16644078493118287,"z":0.02592608518898487,"w":0.9741541147232056},"size":3.8596670627593996,"orthographic":false}