{"cameraMode":{"drawMode":0,"name":"Shaded","section":"Shading Mode"},"sceneLighting":true,"audioPlay":false,"sceneViewState":{"showFog":true,"showMaterialUpdate":false,"showSkybox":false,"showFlares":true,"showImageEffects":true,"showParticleSystems":true},"in2DMode":false,"pivot":{"x":79.17354583740235,"y":24.9953556060791,"z":-22.61729621887207},"rotation":{"x":0.30546873807907107,"y":-0.20272628962993623,"z":0.06673652678728104,"w":0.9279965758323669},"size":23.328630447387697,"orthographic":false}