{"cameraMode":{"drawMode":0,"name":"Shaded","section":"Shading Mode"},"sceneLighting":true,"audioPlay":false,"sceneViewState":{"showFog":true,"showMaterialUpdate":false,"showSkybox":false,"showFlares":true,"showImageEffects":true,"showParticleSystems":true},"in2DMode":false,"pivot":{"x":-1.1507744789123536,"y":10.645319938659668,"z":-8.28093147277832},"rotation":{"x":0.20269443094730378,"y":0.46856245398521426,"z":-0.11139077693223953,"w":0.8526227474212647},"size":9.933144569396973,"orthographic":false}