{"cameraMode":{"drawMode":0,"name":"Shaded","section":"Shading Mode"},"sceneLighting":true,"audioPlay":false,"sceneViewState":{"showFog":true,"showMaterialUpdate":false,"showSkybox":false,"showFlares":true,"showImageEffects":true,"showParticleSystems":true},"in2DMode":false,"pivot":{"x":1.4060983657836915,"y":22.950735092163087,"z":18.35335350036621},"rotation":{"x":0.1344277262687683,"y":0.8656290769577026,"z":-0.3354067802429199,"w":0.34676212072372439},"size":3.8596670627593996,"orthographic":false}