{"cameraMode":{"drawMode":0,"name":"Shaded","section":"Shading Mode"},"sceneLighting":true,"audioPlay":false,"sceneViewState":{"showFog":true,"showMaterialUpdate":false,"showSkybox":false,"showFlares":true,"showImageEffects":true,"showParticleSystems":true},"in2DMode":false,"pivot":{"x":135.30892944335938,"y":-1.2175207138061524,"z":0.08587086200714112},"rotation":{"x":0.029556117951869966,"y":0.7097092866897583,"z":-0.029823891818523408,"w":0.703298032283783},"size":141.2683563232422,"orthographic":false}