{"cameraMode":{"drawMode":0,"name":"Shaded","section":"Shading Mode"},"sceneLighting":true,"audioPlay":false,"sceneViewState":{"showFog":true,"showMaterialUpdate":false,"showSkybox":false,"showFlares":true,"showImageEffects":true,"showParticleSystems":true},"in2DMode":false,"pivot":{"x":2.531459331512451,"y":-1.1019164323806763,"z":1.7987350225448609},"rotation":{"x":-0.2658509910106659,"y":-0.6377137303352356,"z":0.24991878867149354,"w":-0.6783778071403503},"size":9.933144569396973,"orthographic":false}