{"cameraMode":{"drawMode":0,"name":"Shaded","section":"Shading Mode"},"sceneLighting":true,"audioPlay":false,"sceneViewState":{"showFog":true,"showMaterialUpdate":false,"showSkybox":false,"showFlares":true,"showImageEffects":true,"showParticleSystems":true},"in2DMode":false,"pivot":{"x":8.276450157165528,"y":34.966453552246097,"z":-31.47783851623535},"rotation":{"x":0.3491850793361664,"y":0.10816799104213715,"z":-0.040479227900505069,"w":0.9299536347389221},"size":9.4266939163208,"orthographic":false}