{"cameraMode":{"drawMode":0,"name":"Shaded","section":"Shading Mode"},"sceneLighting":true,"audioPlay":false,"sceneViewState":{"showFog":true,"showMaterialUpdate":false,"showSkybox":false,"showFlares":true,"showImageEffects":true,"showParticleSystems":true},"in2DMode":false,"pivot":{"x":6.068270683288574,"y":19.040306091308595,"z":15.836714744567871},"rotation":{"x":0.08691824972629547,"y":0.9117663502693176,"z":-0.3099055290222168,"w":0.25528815388679507},"size":9.4266939163208,"orthographic":false}