{"cameraMode":{"drawMode":0,"name":"Shaded","section":"Shading Mode"},"sceneLighting":true,"audioPlay":false,"sceneViewState":{"showFog":true,"showMaterialUpdate":false,"showSkybox":false,"showFlares":true,"showImageEffects":true,"showParticleSystems":true},"in2DMode":false,"pivot":{"x":21.71531105041504,"y":30.19468116760254,"z":-21.094343185424806},"rotation":{"x":0.4284380078315735,"y":0.1082630529999733,"z":-0.051648661494255069,"w":0.8956134915351868},"size":9.4266939163208,"orthographic":false}