{"cameraMode":{"drawMode":0,"name":"Shaded","section":"Shading Mode"},"sceneLighting":true,"audioPlay":false,"sceneViewState":{"showFog":true,"showMaterialUpdate":false,"showSkybox":false,"showFlares":true,"showImageEffects":true,"showParticleSystems":true},"in2DMode":false,"pivot":{"x":-1.6165995597839356,"y":1.6951572895050049,"z":-0.7458274364471436},"rotation":{"x":-0.3186355233192444,"y":-0.6213260293006897,"z":0.3059057593345642,"w":-0.6471930146217346},"size":9.933144569396973,"orthographic":false}