{"cameraMode":{"drawMode":0,"name":"Shaded","section":"Shading Mode"},"sceneLighting":true,"audioPlay":false,"sceneViewState":{"showFog":true,"showMaterialUpdate":false,"showSkybox":false,"showFlares":true,"showImageEffects":true,"showParticleSystems":true},"in2DMode":false,"pivot":{"x":21.318361282348634,"y":31.098968505859376,"z":-20.02591323852539},"rotation":{"x":0.365931898355484,"y":0.06858161836862564,"z":-0.026912422850728036,"w":0.9277591705322266},"size":9.4266939163208,"orthographic":false}