{"cameraMode":{"drawMode":0,"name":"Shaded","section":"Shading Mode"},"sceneLighting":true,"audioPlay":false,"sceneViewState":{"showFog":true,"showMaterialUpdate":false,"showSkybox":false,"showFlares":true,"showImageEffects":true,"showParticleSystems":true},"in2DMode":false,"pivot":{"x":-12.184131622314454,"y":37.05870819091797,"z":25.44088363647461},"rotation":{"x":-0.15699370205402375,"y":-0.8384217023849487,"z":0.31787219643592837,"w":-0.414018452167511},"size":9.330985069274903,"orthographic":false}