{"cameraMode":{"drawMode":0,"name":"Shaded","section":"Shading Mode"},"sceneLighting":true,"audioPlay":false,"sceneViewState":{"showFog":true,"showMaterialUpdate":false,"showSkybox":false,"showFlares":true,"showImageEffects":true,"showParticleSystems":true},"in2DMode":false,"pivot":{"x":28.71742820739746,"y":31.620059967041017,"z":16.48713493347168},"rotation":{"x":0.03283907473087311,"y":0.8838101029396057,"z":-0.46256157755851748,"w":0.06239242106676102},"size":9.4266939163208,"orthographic":false}