{"cameraMode":{"drawMode":0,"name":"Shaded","section":"Shading Mode"},"sceneLighting":true,"audioPlay":false,"sceneViewState":{"showFog":true,"showMaterialUpdate":false,"showSkybox":false,"showFlares":true,"showImageEffects":true,"showParticleSystems":true},"in2DMode":false,"pivot":{"x":-7.114631652832031,"y":21.78445816040039,"z":-1.6309731006622315},"rotation":{"x":0.1887805312871933,"y":0.6843100190162659,"z":-0.1904868483543396,"w":0.6781318187713623},"size":23.328630447387697,"orthographic":false}