{"cameraMode":{"drawMode":0,"name":"Shaded","section":"Shading Mode"},"sceneLighting":true,"audioPlay":false,"sceneViewState":{"showFog":true,"showMaterialUpdate":false,"showSkybox":false,"showFlares":true,"showImageEffects":true,"showParticleSystems":true},"in2DMode":false,"pivot":{"x":-8.015729904174805,"y":20.231578826904298,"z":-17.22902488708496},"rotation":{"x":-0.2897789180278778,"y":-0.38415059447288515,"z":0.12837235629558564,"w":-0.8671737313270569},"size":9.933144569396973,"orthographic":false}