{"cameraMode":{"drawMode":0,"name":"Shaded","section":"Shading Mode"},"sceneLighting":true,"audioPlay":false,"sceneViewState":{"showFog":true,"showMaterialUpdate":false,"showSkybox":false,"showFlares":true,"showImageEffects":true,"showParticleSystems":true},"in2DMode":false,"pivot":{"x":7.716404914855957,"y":20.706531524658204,"z":-20.82774543762207},"rotation":{"x":0.25622668862342837,"y":0.17143003642559052,"z":-0.04622837156057358,"w":0.950171172618866},"size":4.041658401489258,"orthographic":false}