{"cameraMode":{"drawMode":0,"name":"Shaded","section":"Shading Mode"},"sceneLighting":true,"audioPlay":false,"sceneViewState":{"showFog":true,"showMaterialUpdate":false,"showSkybox":false,"showFlares":true,"showImageEffects":true,"showParticleSystems":true},"in2DMode":false,"pivot":{"x":33.31511306762695,"y":21.985605239868165,"z":3.941678524017334},"rotation":{"x":-0.33530303835868838,"y":0.6190515160560608,"z":-0.3301282525062561,"w":-0.6288100481033325},"size":9.330985069274903,"orthographic":false}