{"cameraMode":{"drawMode":0,"name":"Shaded","section":"Shading Mode"},"sceneLighting":true,"audioPlay":false,"sceneViewState":{"showFog":true,"showMaterialUpdate":false,"showSkybox":false,"showFlares":true,"showImageEffects":true,"showParticleSystems":true},"in2DMode":false,"pivot":{"x":11.764278411865235,"y":25.09113121032715,"z":-0.8593806028366089},"rotation":{"x":-0.3667491674423218,"y":-0.6056334972381592,"z":0.36871787905693056,"w":-0.6023348569869995},"size":23.39278793334961,"orthographic":false}