{"cameraMode":{"drawMode":0,"name":"Shaded","section":"Shading Mode"},"sceneLighting":true,"audioPlay":false,"sceneViewState":{"showFog":true,"showMaterialUpdate":false,"showSkybox":false,"showFlares":true,"showImageEffects":true,"showParticleSystems":true},"in2DMode":false,"pivot":{"x":11.13125991821289,"y":19.851306915283204,"z":-18.442584991455079},"rotation":{"x":-0.3260723650455475,"y":-0.32429516315460207,"z":0.12015446275472641,"w":-0.8798475861549377},"size":23.39278793334961,"orthographic":false}