{"cameraMode":{"drawMode":0,"name":"Shaded","section":"Shading Mode"},"sceneLighting":true,"audioPlay":false,"sceneViewState":{"showFog":true,"showMaterialUpdate":false,"showSkybox":false,"showFlares":true,"showImageEffects":true,"showParticleSystems":true},"in2DMode":false,"pivot":{"x":50.487274169921878,"y":20.55982208251953,"z":11.829010009765625},"rotation":{"x":0.2631741166114807,"y":0.6317678689956665,"z":-0.24141281843185426,"w":0.6880274415016174},"size":9.4266939163208,"orthographic":false}