{"cameraMode":{"drawMode":0,"name":"Shaded","section":"Shading Mode"},"sceneLighting":true,"audioPlay":false,"sceneViewState":{"showFog":true,"showMaterialUpdate":false,"showSkybox":false,"showFlares":true,"showImageEffects":true,"showParticleSystems":true},"in2DMode":false,"pivot":{"x":18.432453155517579,"y":26.10313606262207,"z":24.45516586303711},"rotation":{"x":0.038988567888736728,"y":0.9127378463745117,"z":-0.396885484457016,"w":0.08925122767686844},"size":3.8596670627593996,"orthographic":false}