{"cameraMode":{"drawMode":0,"name":"Shaded","section":"Shading Mode"},"sceneLighting":true,"audioPlay":false,"sceneViewState":{"showFog":true,"showMaterialUpdate":false,"showSkybox":false,"showFlares":true,"showImageEffects":true,"showParticleSystems":true},"in2DMode":false,"pivot":{"x":69.83638763427735,"y":-52.81682586669922,"z":67.3990707397461},"rotation":{"x":0.273885577917099,"y":0.27033117413520815,"z":-0.08055329322814942,"w":0.9195197820663452},"size":141.2683563232422,"orthographic":false}