{"cameraMode":{"drawMode":0,"name":"Shaded","section":"Shading Mode"},"sceneLighting":true,"audioPlay":false,"sceneViewState":{"showFog":true,"showMaterialUpdate":false,"showSkybox":false,"showFlares":true,"showImageEffects":true,"showParticleSystems":true},"in2DMode":false,"pivot":{"x":10.242959976196289,"y":17.2348575592041,"z":-21.0911808013916},"rotation":{"x":0.3837610185146332,"y":0.09342622756958008,"z":-0.039051447063684466,"w":0.9178988337516785},"size":23.328630447387697,"orthographic":false}