{"cameraMode":{"drawMode":0,"name":"Shaded","section":"Shading Mode"},"sceneLighting":true,"audioPlay":false,"sceneViewState":{"showFog":true,"showMaterialUpdate":false,"showSkybox":false,"showFlares":true,"showImageEffects":true,"showParticleSystems":true},"in2DMode":false,"pivot":{"x":28.01881217956543,"y":31.860383987426759,"z":16.04973030090332},"rotation":{"x":0.001500381389632821,"y":0.896879255771637,"z":-0.4423277676105499,"w":0.002675473690032959},"size":9.4266939163208,"orthographic":false}