{"cameraMode":{"drawMode":0,"name":"Shaded","section":"Shading Mode"},"sceneLighting":true,"audioPlay":false,"sceneViewState":{"showFog":true,"showMaterialUpdate":false,"showSkybox":false,"showFlares":true,"showImageEffects":true,"showParticleSystems":true},"in2DMode":false,"pivot":{"x":-13.903207778930664,"y":13.663763999938965,"z":8.056283950805664},"rotation":{"x":0.0866989940404892,"y":0.8369466662406921,"z":-0.13856716454029084,"w":0.5224108099937439},"size":3.8596670627593996,"orthographic":false}